Prix,Stock,Fabricant,Modèle,Série,Catégorie,Lien,Dispo occas,Lien petite annonce
419 ,En stock,Steinberger,Spirit XT-25,Spirit,Basses électriques  cordes,https://fr.audiofanzine.com/basse-electrique-divers/steinberger/spirit-series-xt-25-black/,Pas d'occasion disponible,https://fr.audiofanzine.com/basse-electrique-divers/steinberger/spirit-series-xt-25-black/petites-annonces/
931 ,En stock,Yamaha,BB735A,700,Basses électriques  cordes,https://fr.audiofanzine.com/basse-electrique-divers/yamaha/bb735a/,Pas d'occasion disponible,https://fr.audiofanzine.com/basse-electrique-divers/yamaha/bb735a/petites-annonces/
439 ,En stock,Sterling by Music Man,StingRay Ray5,StingRay,Basses électriques  cordes,https://fr.audiofanzine.com/basse-electrique-divers/sterling-by-music-man/ray5/,Pas d'occasion disponible,https://fr.audiofanzine.com/basse-electrique-divers/sterling-by-music-man/ray5/petites-annonces/
1 555 ,En stock,Music Man,StingRay 5,StingRay,Basses électriques  cordes,https://fr.audiofanzine.com/basse-electrique-divers/music-man/stingray-5/,Pas d'occasion disponible,https://fr.audiofanzine.com/basse-electrique-divers/music-man/stingray-5/petites-annonces/
729 ,En stock,Cort,A5 Plus FMMH,Artisan,Basses électriques  cordes,https://fr.audiofanzine.com/basse-electrique-divers/cort/a5-plus-fmmh/,Pas d'occasion disponible,https://fr.audiofanzine.com/basse-electrique-divers/cort/a5-plus-fmmh/petites-annonces/
5 599 ,En stock,Warwick,Corvette $$ 5,Corvette,Basses électriques  cordes,https://fr.audiofanzine.com/basse-electrique-divers/warwick/corvette-double-buck-5/,Pas d'occasion disponible,https://fr.audiofanzine.com/basse-electrique-divers/warwick/corvette-double-buck-5/petites-annonces/
1 499 ,En stock,Sterling by Music Man,StingRay Ray35,StingRay,Basses électriques  cordes,https://fr.audiofanzine.com/basse-electrique-divers/sterling-by-music-man/ray35/,Pas d'occasion disponible,https://fr.audiofanzine.com/basse-electrique-divers/sterling-by-music-man/ray35/petites-annonces/
1 138.50 ,En stock,Ibanez,EHB1005SMS,EHB,Basses électriques  cordes,https://fr.audiofanzine.com/basse-electrique-divers/ibanez/ehb1005sms/,Pas d'occasion disponible,https://fr.audiofanzine.com/basse-electrique-divers/ibanez/ehb1005sms/petites-annonces/
399 ,En stock,Squier,Classic Vibe ‘70s Jazz Bass V,Jazz Bass,Basses électriques  cordes,https://fr.audiofanzine.com/basse-electrique-divers/squier/classic-vibe-70s-jazz-bass-v/,Pas d'occasion disponible,https://fr.audiofanzine.com/basse-electrique-divers/squier/classic-vibe-70s-jazz-bass-v/petites-annonces/
1 679 ,En stock,Sandberg (Bass),California TM 5,California T,Basses électriques  cordes,https://fr.audiofanzine.com/basse-electrique-divers/sandberg-bass/california-tm-5/,Pas d'occasion disponible,https://fr.audiofanzine.com/basse-electrique-divers/sandberg-bass/california-tm-5/petites-annonces/
429 ,En stock,Yamaha,TRBX305,TRBX,Basses électriques  cordes,https://fr.audiofanzine.com/basse-electrique-divers/yamaha/trbx305/,Pas d'occasion disponible,https://fr.audiofanzine.com/basse-electrique-divers/yamaha/trbx305/petites-annonces/
777 ,En stock,Music Man,Classic StingRay 5,StingRay,Basses électriques  cordes,https://fr.audiofanzine.com/basse-electrique-divers/music-man/classic-stingray-5/,Pas d'occasion disponible,https://fr.audiofanzine.com/basse-electrique-divers/music-man/classic-stingray-5/petites-annonces/
1 459 ,En stock,Ibanez,SRAS7,SR Workshop,Basses électriques  cordes,https://fr.audiofanzine.com/basse-electrique-divers/ibanez/sras7/,Pas d'occasion disponible,https://fr.audiofanzine.com/basse-electrique-divers/ibanez/sras7/petites-annonces/
1 814.10 ,En stock,Sandberg (Bass),Basic Ken Taylor 5,Basic Ken Taylor,Basses électriques  cordes,https://fr.audiofanzine.com/basse-electrique-divers/sandberg-bass/Basic-Ken-Taylor-5/,Pas d'occasion disponible,https://fr.audiofanzine.com/basse-electrique-divers/sandberg-bass/Basic-Ken-Taylor-5/petites-annonces/
1 249 ,En stock,Ibanez,BTB846V,BTB Workshop,Basses électriques  cordes,https://fr.audiofanzine.com/basse-electrique-divers/ibanez/btb846v/,Pas d'occasion disponible,https://fr.audiofanzine.com/basse-electrique-divers/ibanez/btb846v/petites-annonces/
831 ,En stock,Fender,Player Jazz Bass V,Player Jazz Bass Series,Basses électriques  cordes,https://fr.audiofanzine.com/basse-electrique-divers/fender/player-jazz-bass-v/,Pas d'occasion disponible,https://fr.audiofanzine.com/basse-electrique-divers/fender/player-jazz-bass-v/petites-annonces/
1 007.40 ,En stock,Hagstrom,H8-II,Retroscape,Basses électriques  cordes,https://fr.audiofanzine.com/basse-electrique-divers/hagstrom/h8-ii/,Pas d'occasion disponible,https://fr.audiofanzine.com/basse-electrique-divers/hagstrom/h8-ii/petites-annonces/
589 ,En stock,Yamaha,TRBX505,TRBX,Basses électriques  cordes,https://fr.audiofanzine.com/basse-electrique-divers/yamaha/trbx505/,Pas d'occasion disponible,https://fr.audiofanzine.com/basse-electrique-divers/yamaha/trbx505/petites-annonces/
443 ,En stock,Squier,Contemporary Active Precision Bass PH V,Precision Bass,Basses électriques  cordes,https://fr.audiofanzine.com/basse-electrique-divers/squier/contemporary-active-precision-bass-ph-v/,Pas d'occasion disponible,https://fr.audiofanzine.com/basse-electrique-divers/squier/contemporary-active-precision-bass-ph-v/petites-annonces/
1 519 ,En stock,Ibanez,SR1346B Premium,SR Premium,Basses électriques  cordes,https://fr.audiofanzine.com/basse-electrique-divers/ibanez/sr1306-b-premium/,Pas d'occasion disponible,https://fr.audiofanzine.com/basse-electrique-divers/ibanez/sr1306-b-premium/petites-annonces/
2 299 ,En stock,Fender,American Ultra Jazz Bass V,American Ultra,Basses électriques  cordes,https://fr.audiofanzine.com/basse-electrique-divers/fender/american-ultra-jazz-bass-v/,Pas d'occasion disponible,https://fr.audiofanzine.com/basse-electrique-divers/fender/american-ultra-jazz-bass-v/petites-annonces/
633.30 ,En stock,Jackson,David Ellefson Signature Concert Bass CBXM V,David Ellefson,Basses électriques  cordes,https://fr.audiofanzine.com/basse-electrique-divers/jackson/david-ellefson-concert-bass-cbxm-v/,Pas d'occasion disponible,https://fr.audiofanzine.com/basse-electrique-divers/jackson/david-ellefson-concert-bass-cbxm-v/petites-annonces/
749 ,En stock,Yamaha,TRBX605FM,TRBX,Basses électriques  cordes,https://fr.audiofanzine.com/basse-electrique-divers/yamaha/trbx605fm/,Pas d'occasion disponible,https://fr.audiofanzine.com/basse-electrique-divers/yamaha/trbx605fm/petites-annonces/
399 ,En stock,Ibanez,SR305E,SR Standard,Basses électriques  cordes,https://fr.audiofanzine.com/basse-electrique-divers/ibanez/sr305e-2016/,Pas d'occasion disponible,https://fr.audiofanzine.com/basse-electrique-divers/ibanez/sr305e-2016/petites-annonces/
379 ,En stock,Ibanez,SR305EB,SR Standard,Basses électriques  cordes,https://fr.audiofanzine.com/basse-electrique-divers/ibanez/sr305eb/,Pas d'occasion disponible,https://fr.audiofanzine.com/basse-electrique-divers/ibanez/sr305eb/petites-annonces/
849 ,En stock,Ibanez,SR605,SR Standard,Basses électriques  cordes,https://fr.audiofanzine.com/basse-electrique-divers/ibanez/sr605/,Pas d'occasion disponible,https://fr.audiofanzine.com/basse-electrique-divers/ibanez/sr605/petites-annonces/
799 ,En stock,Ibanez,SR505,SR Standard,Basses électriques  cordes,https://fr.audiofanzine.com/basse-electrique-divers/ibanez/sr505/,Pas d'occasion disponible,https://fr.audiofanzine.com/basse-electrique-divers/ibanez/sr505/petites-annonces/
447 ,En stock,Spector,Performer 5, ,Basses électriques 5 cordes,https://fr.audiofanzine.com/basse-electrique-divers/spector/Performer-5/,Pas d'occasion disponible,https://fr.audiofanzine.com/basse-electrique-divers/spector/Performer-5/petites-annonces/
1 479 ,En stock,Ibanez,SR1355B Premium,SR Premium,Basses électriques  cordes,https://fr.audiofanzine.com/basse-electrique-divers/ibanez/sr1355b-premium/,Pas d'occasion disponible,https://fr.audiofanzine.com/basse-electrique-divers/ibanez/sr1355b-premium/petites-annonces/
799 ,En stock,Ibanez,SRC6MS,SR Workshop,Basses électriques  cordes,https://fr.audiofanzine.com/basse-electrique-divers/ibanez/src6ms/,Pas d'occasion disponible,https://fr.audiofanzine.com/basse-electrique-divers/ibanez/src6ms/petites-annonces/
148 ,En stock,Harley Benton,PJ-5 SBK Deluxe,Deluxe,Basses électriques  cordes,https://fr.audiofanzine.com/basse-electrique-divers/harley-benton/pj-5-sbk-deluxe/,Pas d'occasion disponible,https://fr.audiofanzine.com/basse-electrique-divers/harley-benton/pj-5-sbk-deluxe/petites-annonces/
1 090 ,En stock,Cort,Elrick NJS 5, ,Basses électriques 5 cordes,https://fr.audiofanzine.com/basse-electrique-divers/cort/elrick-njs-5/,Pas d'occasion disponible,https://fr.audiofanzine.com/basse-electrique-divers/cort/elrick-njs-5/petites-annonces/
1 399 ,En stock,Ibanez,BTB805MS,BTB Workshop,Basses électriques  cordes,https://fr.audiofanzine.com/basse-electrique-divers/ibanez/btb805ms/,Pas d'occasion disponible,https://fr.audiofanzine.com/basse-electrique-divers/ibanez/btb805ms/petites-annonces/
849 ,En stock,Ibanez,SR605E,SR Standard,Basses électriques  cordes,https://fr.audiofanzine.com/basse-electrique-divers/ibanez/sr605e/,Pas d'occasion disponible,https://fr.audiofanzine.com/basse-electrique-divers/ibanez/sr605e/petites-annonces/
529 ,En stock,Cort,Artisan B5 Element,Artisan,Basses électriques  cordes,https://fr.audiofanzine.com/basse-electrique-divers/cort/artisan-b5-element/,Pas d'occasion disponible,https://fr.audiofanzine.com/basse-electrique-divers/cort/artisan-b5-element/petites-annonces/
2 026 ,En stock,Fender,American Professional II Jazz Bass V,American Professional II,Basses électriques  cordes,https://fr.audiofanzine.com/basse-electrique-divers/fender/american-professional-ii-jazz-bass-v/,Pas d'occasion disponible,https://fr.audiofanzine.com/basse-electrique-divers/fender/american-professional-ii-jazz-bass-v/petites-annonces/
1 535 ,En stock,Ibanez,EHB1505MS,EHB,Basses électriques  cordes,https://fr.audiofanzine.com/basse-electrique-divers/ibanez/ehb1505ms/,Pas d'occasion disponible,https://fr.audiofanzine.com/basse-electrique-divers/ibanez/ehb1505ms/petites-annonces/
1 499 ,En stock,Ibanez,EHB1505,EHB,Basses électriques  cordes,https://fr.audiofanzine.com/basse-electrique-divers/ibanez/ehb1505/,Pas d'occasion disponible,https://fr.audiofanzine.com/basse-electrique-divers/ibanez/ehb1505/petites-annonces/
715 ,En stock,Ibanez,SR505E,SR Standard,Basses électriques  cordes,https://fr.audiofanzine.com/basse-electrique-divers/ibanez/sr505e/,Pas d'occasion disponible,https://fr.audiofanzine.com/basse-electrique-divers/ibanez/sr505e/petites-annonces/
519 ,En stock,Jackson,CBXNTM V,X,Basses électriques  cordes,https://fr.audiofanzine.com/basse-electrique-divers/jackson/cbxntm-v/,Pas d'occasion disponible,https://fr.audiofanzine.com/basse-electrique-divers/jackson/cbxntm-v/petites-annonces/
1 119 ,En stock,Ibanez,SRMS805,SR Workshop,Basses électriques  cordes,https://fr.audiofanzine.com/basse-electrique-divers/ibanez/srms805/,Pas d'occasion disponible,https://fr.audiofanzine.com/basse-electrique-divers/ibanez/srms805/petites-annonces/
445 ,En stock,Ibanez,SR375E,SR Standard,Basses électriques  cordes,https://fr.audiofanzine.com/basse-electrique-divers/ibanez/sr375e/,Pas d'occasion disponible,https://fr.audiofanzine.com/basse-electrique-divers/ibanez/sr375e/petites-annonces/
3 499 ,En stock,Music Man,StingRay Special 5 HH,StingRay,Basses électriques  cordes,https://fr.audiofanzine.com/basse-electrique-divers/music-man/stingray-5-hh-2018-current/,Pas d'occasion disponible,https://fr.audiofanzine.com/basse-electrique-divers/music-man/stingray-5-hh-2018-current/petites-annonces/
2 799 ,En stock,Ibanez,ANB306 Adam Nitti Signature,Signature,Basses électriques  cordes,https://fr.audiofanzine.com/basse-electrique-divers/ibanez/anb306/,Pas d'occasion disponible,https://fr.audiofanzine.com/basse-electrique-divers/ibanez/anb306/petites-annonces/
979 ,En stock,Ibanez,BTB845,BTB Standard,Basses électriques  cordes,https://fr.audiofanzine.com/basse-electrique-divers/ibanez/btb845/,Pas d'occasion disponible,https://fr.audiofanzine.com/basse-electrique-divers/ibanez/btb845/petites-annonces/
2 299 ,En stock,Fender,American Professional Jazz Bass V,American Professional Jazz Bass Series,Basses électriques  cordes,https://fr.audiofanzine.com/basse-electrique-divers/fender/american-professional-jazz-bass-v/,Pas d'occasion disponible,https://fr.audiofanzine.com/basse-electrique-divers/fender/american-professional-jazz-bass-v/petites-annonces/
306.43 ,En stock,Ibanez,GSR205B,GIO Soundgear,Basses électriques  cordes,https://fr.audiofanzine.com/basse-electrique-divers/ibanez/gsr205b/,Pas d'occasion disponible,https://fr.audiofanzine.com/basse-electrique-divers/ibanez/gsr205b/petites-annonces/
480.43 ,En stock,Ibanez,SR305,SR Standard,Basses électriques  cordes,https://fr.audiofanzine.com/basse-electrique-divers/ibanez/sr305/,Pas d'occasion disponible,https://fr.audiofanzine.com/basse-electrique-divers/ibanez/sr305/petites-annonces/
259 ,En stock,Cort,Action V,Action,Basses électriques  cordes,https://fr.audiofanzine.com/basse-electrique-divers/cort/action-v/,Pas d'occasion disponible,https://fr.audiofanzine.com/basse-electrique-divers/cort/action-v/petites-annonces/
299 ,En stock,Ibanez,GSR205,GIO Soundgear,Basses électriques  cordes,https://fr.audiofanzine.com/basse-electrique-divers/ibanez/gsr205/,Pas d'occasion disponible,https://fr.audiofanzine.com/basse-electrique-divers/ibanez/gsr205/petites-annonces/
2 666 ,En stock,Spector,Euro 5 LX, ,Basses électriques 5 cordes,https://fr.audiofanzine.com/basse-electrique-divers/spector/Euro-5-LX/,Pas d'occasion disponible,https://fr.audiofanzine.com/basse-electrique-divers/spector/Euro-5-LX/petites-annonces/
879 ,En stock,Warwick,Corvette Standard 5, ,Basses électriques 5 cordes,https://fr.audiofanzine.com/basse-electrique-divers/warwick/Corvette-Standard-5c/,Pas d'occasion disponible,https://fr.audiofanzine.com/basse-electrique-divers/warwick/Corvette-Standard-5c/petites-annonces/
645 ,En stock,Cort,C5,Artisan,Basses électriques  cordes,https://fr.audiofanzine.com/basse-electrique-divers/cort/c5/,Pas d'occasion disponible,https://fr.audiofanzine.com/basse-electrique-divers/cort/c5/petites-annonces/
1 365 ,En stock,Ibanez,EHB1265MS,EHB,Basses électriques  cordes,https://fr.audiofanzine.com/basse-electrique-divers/ibanez/ehb1265ms/,Pas d'occasion disponible,https://fr.audiofanzine.com/basse-electrique-divers/ibanez/ehb1265ms/petites-annonces/
1 028 ,En stock,Fender,Player Plus Jazz Bass V,Player Plus,Basses électriques  cordes,https://fr.audiofanzine.com/basse-electrique-divers/fender/player-plus-jazz-bass-v/,Pas d'occasion disponible,https://fr.audiofanzine.com/basse-electrique-divers/fender/player-plus-jazz-bass-v/petites-annonces/
959 ,En stock,Cort,Artisan A5 Beyond,Artisan,Basses électriques  cordes,https://fr.audiofanzine.com/basse-electrique-divers/cort/artisan-a5-beyond/,Pas d'occasion disponible,https://fr.audiofanzine.com/basse-electrique-divers/cort/artisan-a5-beyond/petites-annonces/
825 ,En stock,Cort,A5 Plus SC, ,Basses électriques 5 cordes,https://fr.audiofanzine.com/basse-electrique-divers/cort/a5-plus-sc/,Pas d'occasion disponible,https://fr.audiofanzine.com/basse-electrique-divers/cort/a5-plus-sc/petites-annonces/
1 199 ,En stock,Ibanez,EHB1005MS,EHB,Basses électriques  cordes,https://fr.audiofanzine.com/basse-electrique-divers/ibanez/ehb1005ms/,Pas d'occasion disponible,https://fr.audiofanzine.com/basse-electrique-divers/ibanez/ehb1005ms/petites-annonces/
3 290 ,En stock,Music Man,StingRay Special 5,StingRay,Basses électriques  cordes,https://fr.audiofanzine.com/basse-electrique-divers/music-man/stingray-special-5/,Pas d'occasion disponible,https://fr.audiofanzine.com/basse-electrique-divers/music-man/stingray-special-5/petites-annonces/
468 ,En stock,Ibanez,SR306EB,SR Standard,Basses électriques  cordes,https://fr.audiofanzine.com/basse-electrique-divers/ibanez/sr306eb/,Pas d'occasion disponible,https://fr.audiofanzine.com/basse-electrique-divers/ibanez/sr306eb/petites-annonces/
719 ,En stock,Yamaha,BB435,400,Basses électriques  cordes,https://fr.audiofanzine.com/basse-electrique-divers/yamaha/bb435/,Pas d'occasion disponible,https://fr.audiofanzine.com/basse-electrique-divers/yamaha/bb435/petites-annonces/
549 ,En stock,Cort,B5 Plus AS,Artisan,Basses électriques  cordes,https://fr.audiofanzine.com/basse-electrique-divers/cort/b5-plus-as/,Pas d'occasion disponible,https://fr.audiofanzine.com/basse-electrique-divers/cort/b5-plus-as/petites-annonces/
1 259.50 ,En stock,Yamaha,TRB1006J, ,Basses électriques 5 cordes,https://fr.audiofanzine.com/basse-electrique-divers/yamaha/trb1006j/,Pas d'occasion disponible,https://fr.audiofanzine.com/basse-electrique-divers/yamaha/trb1006j/petites-annonces/
328 ,En stock,Harley Benton,Enhanced MP-5, ,Basses électriques 5 cordes,https://fr.audiofanzine.com/basse-electrique-divers/harley-benton/enhanced-mp-5mn-natural/,Pas d'occasion disponible,https://fr.audiofanzine.com/basse-electrique-divers/harley-benton/enhanced-mp-5mn-natural/petites-annonces/
1 699 ,En stock,Ibanez,SR5FMDX2 Premium,SR Premium,Basses électriques  cordes,https://fr.audiofanzine.com/basse-electrique-divers/ibanez/sr5fmdx2-premium/,Pas d'occasion disponible,https://fr.audiofanzine.com/basse-electrique-divers/ibanez/sr5fmdx2-premium/petites-annonces/
439 ,En stock,Jackson,JS Spectra Bass JS3QV,JS,Basses électriques  cordes,https://fr.audiofanzine.com/basse-electrique-divers/jackson/js-spectra-bass-js3qv/,Pas d'occasion disponible,https://fr.audiofanzine.com/basse-electrique-divers/jackson/js-spectra-bass-js3qv/petites-annonces/
452.80 ,En stock,Jackson,JS Concert Bass JS3VQ,JS,Basses électriques  cordes,https://fr.audiofanzine.com/basse-electrique-divers/jackson/js-concert-bass-js3vq/,Pas d'occasion disponible,https://fr.audiofanzine.com/basse-electrique-divers/jackson/js-concert-bass-js3vq/petites-annonces/
988 ,En stock,Jackson,Pro Spectra Bass SBA V,Pro,Basses électriques  cordes,https://fr.audiofanzine.com/basse-electrique-divers/jackson/pro-spectra-bass-sba-v/,Pas d'occasion disponible,https://fr.audiofanzine.com/basse-electrique-divers/jackson/pro-spectra-bass-sba-v/petites-annonces/
988 ,En stock,Jackson,Pro Spectra Bass SBP V,Pro,Basses électriques  cordes,https://fr.audiofanzine.com/basse-electrique-divers/jackson/pro-spectra-bass-sbp-v/,Pas d'occasion disponible,https://fr.audiofanzine.com/basse-electrique-divers/jackson/pro-spectra-bass-sbp-v/petites-annonces/
491 ,En stock,Ibanez,SR305EDX,SR Standard,Basses électriques  cordes,https://fr.audiofanzine.com/basse-electrique-divers/ibanez/sr305edx/,Pas d'occasion disponible,https://fr.audiofanzine.com/basse-electrique-divers/ibanez/sr305edx/petites-annonces/
2 999 ,En stock,Ibanez,SRMS5 Prestige,SR Prestige,Basses électriques  cordes,https://fr.audiofanzine.com/basse-electrique-divers/ibanez/srms5-prestige/,Pas d'occasion disponible,https://fr.audiofanzine.com/basse-electrique-divers/ibanez/srms5-prestige/petites-annonces/
899 ,En stock,LTD,D-6 (2020),Standard D,Basses électriques  cordes,https://fr.audiofanzine.com/basse-electrique-divers/ltd/d-6-2020/,Pas d'occasion disponible,https://fr.audiofanzine.com/basse-electrique-divers/ltd/d-6-2020/petites-annonces/
599 ,En stock,Sterling by Music Man,StingRay Ray5HH,StingRay,Basses électriques  cordes,https://fr.audiofanzine.com/basse-electrique-divers/sterling-by-music-man/stingray-ray5hh/,Pas d'occasion disponible,https://fr.audiofanzine.com/basse-electrique-divers/sterling-by-music-man/stingray-ray5hh/petites-annonces/
1 814.10 ,En stock,Sterling by Music Man,StingRay Ray35HHSM,StingRay,Basses électriques  cordes,https://fr.audiofanzine.com/basse-electrique-divers/sterling-by-music-man/stingray-ray35hhsm/,Pas d'occasion disponible,https://fr.audiofanzine.com/basse-electrique-divers/sterling-by-music-man/stingray-ray35hhsm/petites-annonces/
1 555 ,En stock,Sterling by Music Man,StingRay Ray35HH,StingRay,Basses électriques  cordes,https://fr.audiofanzine.com/basse-electrique-divers/sterling-by-music-man/stingray-ray35hh/,Pas d'occasion disponible,https://fr.audiofanzine.com/basse-electrique-divers/sterling-by-music-man/stingray-ray35hh/petites-annonces/
777 ,En stock,Schecter,Stiletto Stealth-5,Stiletto Stealth,Basses électriques  cordes,https://fr.audiofanzine.com/basse-electrique-divers/schecter/stiletto-stealth-5/,Pas d'occasion disponible,https://fr.audiofanzine.com/basse-electrique-divers/schecter/stiletto-stealth-5/petites-annonces/
1 849 ,En stock,Schecter,SLS Evil Twin-5,SLS Elite,Basses électriques  cordes,https://fr.audiofanzine.com/basse-electrique-divers/schecter/sls-evil-twin-5/,Pas d'occasion disponible,https://fr.audiofanzine.com/basse-electrique-divers/schecter/sls-evil-twin-5/petites-annonces/
1 799 ,En stock,Schecter,SLS Elite-5,SLS Elite,Basses électriques  cordes,https://fr.audiofanzine.com/basse-electrique-divers/schecter/sls-elite-5/,Pas d'occasion disponible,https://fr.audiofanzine.com/basse-electrique-divers/schecter/sls-elite-5/petites-annonces/
1 099 ,En stock,Schecter,Model-T Session-5, ,Basses électriques 5 cordes,https://fr.audiofanzine.com/basse-electrique-divers/schecter/model-t-session-5/,Pas d'occasion disponible,https://fr.audiofanzine.com/basse-electrique-divers/schecter/model-t-session-5/petites-annonces/
899 ,En stock,Schecter,CV-5 (2017), ,Basses électriques 5 cordes,https://fr.audiofanzine.com/basse-electrique-divers/schecter/cv-5-2017/,Pas d'occasion disponible,https://fr.audiofanzine.com/basse-electrique-divers/schecter/cv-5-2017/petites-annonces/
629 ,En stock,Ibanez,SR405EPBDX,SR Standard,Basses électriques  cordes,https://fr.audiofanzine.com/basse-electrique-divers/ibanez/sr405epbdx/,Pas d'occasion disponible,https://fr.audiofanzine.com/basse-electrique-divers/ibanez/sr405epbdx/petites-annonces/
1 699 ,En stock,Ibanez,SR5CMDX Premium,SR Premium,Basses électriques  cordes,https://fr.audiofanzine.com/basse-electrique-divers/ibanez/sr5cmdx-premium/,Pas d'occasion disponible,https://fr.audiofanzine.com/basse-electrique-divers/ibanez/sr5cmdx-premium/petites-annonces/
382 ,En stock,Jackson,JS Spectra Bass JS3V (2022),JS,Basses électriques  cordes,https://fr.audiofanzine.com/basse-electrique-divers/jackson/spectra-bass-js3v/,Pas d'occasion disponible,https://fr.audiofanzine.com/basse-electrique-divers/jackson/spectra-bass-js3v/petites-annonces/
1 465 ,En stock,Ibanez,SR5FMDX Premium,SR Premium,Basses électriques  cordes,https://fr.audiofanzine.com/basse-electrique-divers/ibanez/sr5fmdx-premium/,Pas d'occasion disponible,https://fr.audiofanzine.com/basse-electrique-divers/ibanez/sr5fmdx-premium/petites-annonces/
1 405 ,En stock,Ibanez,BTB806MS,BTB Workshop,Basses électriques  cordes,https://fr.audiofanzine.com/basse-electrique-divers/ibanez/btb806ms/,Pas d'occasion disponible,https://fr.audiofanzine.com/basse-electrique-divers/ibanez/btb806ms/petites-annonces/
1 375 ,En stock,Spector,NS Pulse II 6 String, ,Basses électriques 5 cordes,https://fr.audiofanzine.com/basse-electrique-divers/spector/ns-pulse-ii-6-string/,Pas d'occasion disponible,https://fr.audiofanzine.com/basse-electrique-divers/spector/ns-pulse-ii-6-string/petites-annonces/
1 379 ,En stock,Spector,NS Pulse II 5 String, ,Basses électriques 5 cordes,https://fr.audiofanzine.com/basse-electrique-divers/spector/ns-pulse-ii-5-string/,Pas d'occasion disponible,https://fr.audiofanzine.com/basse-electrique-divers/spector/ns-pulse-ii-5-string/petites-annonces/
1 285 ,En stock,Cort,GB-Modern 5,GB,Basses électriques  cordes,https://fr.audiofanzine.com/basse-electrique-divers/cort/gb-modern-5/,Pas d'occasion disponible,https://fr.audiofanzine.com/basse-electrique-divers/cort/gb-modern-5/petites-annonces/
2 119 ,En stock,Fender,American Professional II Precision Bass V,American Professional II,Basses électriques  cordes,https://fr.audiofanzine.com/basse-electrique-divers/fender/american-professional-ii-precision-bass-v/,Pas d'occasion disponible,https://fr.audiofanzine.com/basse-electrique-divers/fender/american-professional-ii-precision-bass-v/petites-annonces/
1 169 ,En stock,Ibanez,BTB605MS,BTB Workshop,Basses électriques  cordes,https://fr.audiofanzine.com/basse-electrique-divers/ibanez/btb605ms/,Pas d'occasion disponible,https://fr.audiofanzine.com/basse-electrique-divers/ibanez/btb605ms/petites-annonces/
1 319 ,En stock,Ibanez,EHB1006MS,EHB,Basses électriques  cordes,https://fr.audiofanzine.com/basse-electrique-divers/ibanez/ehb1006ms/,Pas d'occasion disponible,https://fr.audiofanzine.com/basse-electrique-divers/ibanez/ehb1006ms/petites-annonces/
519 ,En stock,Sire,Marcus Miller P5 5ST (Alder), ,Basses électriques 5 cordes,https://fr.audiofanzine.com/basse-electrique-divers/sire/marcus-miller-p5-5st-alder/,Pas d'occasion disponible,https://fr.audiofanzine.com/basse-electrique-divers/sire/marcus-miller-p5-5st-alder/petites-annonces/
1 699 ,En stock,Ibanez,SR5CMLTD Premium,SR Premium,Basses électriques  cordes,https://fr.audiofanzine.com/basse-electrique-divers/ibanez/sr5cmltd-premium/,Pas d'occasion disponible,https://fr.audiofanzine.com/basse-electrique-divers/ibanez/sr5cmltd-premium/petites-annonces/
2 222 ,En stock,Spector,EuroBolt 5, ,Basses électriques 5 cordes,https://fr.audiofanzine.com/basse-electrique-divers/spector/eurobolt-5/,Pas d'occasion disponible,https://fr.audiofanzine.com/basse-electrique-divers/spector/eurobolt-5/petites-annonces/
371 ,En stock,Ibanez,RGB305, ,Basses électriques 5 cordes,https://fr.audiofanzine.com/basse-electrique-divers/ibanez/rgb305/,Pas d'occasion disponible,https://fr.audiofanzine.com/basse-electrique-divers/ibanez/rgb305/petites-annonces/
1 899 ,En stock,Spector,NS Ethos 5, ,Basses électriques 5 cordes,https://fr.audiofanzine.com/basse-electrique-divers/spector/ns-ethos-5/,Pas d'occasion disponible,https://fr.audiofanzine.com/basse-electrique-divers/spector/ns-ethos-5/petites-annonces/
2 859 ,En stock,Spector,Euro 5 LX-TW BSM, ,Basses électriques 5 cordes,https://fr.audiofanzine.com/basse-electrique-divers/spector/euro-5-lx-tw-bsm/,Pas d'occasion disponible,https://fr.audiofanzine.com/basse-electrique-divers/spector/euro-5-lx-tw-bsm/petites-annonces/
1 575 ,En stock,Ibanez,BTB1836 Premium,BTB Premium,Basses électriques  cordes,https://fr.audiofanzine.com/basse-electrique-divers/ibanez/btb1836-premium/,Pas d'occasion disponible,https://fr.audiofanzine.com/basse-electrique-divers/ibanez/btb1836-premium/petites-annonces/
899 ,En stock,Ibanez,SR606E,SR Standard,Basses électriques  cordes,https://fr.audiofanzine.com/basse-electrique-divers/ibanez/sr606e/,Pas d'occasion disponible,https://fr.audiofanzine.com/basse-electrique-divers/ibanez/sr606e/petites-annonces/
1 375 ,En stock,Ibanez,SR1305SB Premium,SR Premium,Basses électriques  cordes,https://fr.audiofanzine.com/basse-electrique-divers/ibanez/sr1305sb-premium/,Pas d'occasion disponible,https://fr.audiofanzine.com/basse-electrique-divers/ibanez/sr1305sb-premium/petites-annonces/
2 099 ,En stock,Ibanez,SR4605 Prestige,SR Prestige,Basses électriques  cordes,https://fr.audiofanzine.com/basse-electrique-divers/ibanez/sr4605-prestige/,Pas d'occasion disponible,https://fr.audiofanzine.com/basse-electrique-divers/ibanez/sr4605-prestige/petites-annonces/
2 299 ,En stock,Spector,Bantam 5, ,Basses électriques 5 cordes,https://fr.audiofanzine.com/basse-electrique-divers/spector/bantam-5/,Pas d'occasion disponible,https://fr.audiofanzine.com/basse-electrique-divers/spector/bantam-5/petites-annonces/
716 ,En stock,Ibanez,BTB625EX,Iron Label,Basses électriques  cordes,https://fr.audiofanzine.com/basse-electrique-divers/ibanez/btb625ex-bkf/,Pas d'occasion disponible,https://fr.audiofanzine.com/basse-electrique-divers/ibanez/btb625ex-bkf/petites-annonces/
1 025 ,En stock,Ibanez,SRMS625EX Iron Label,Iron Label,Basses électriques  cordes,https://fr.audiofanzine.com/basse-electrique-divers/ibanez/srms625ex-bkf/,Pas d'occasion disponible,https://fr.audiofanzine.com/basse-electrique-divers/ibanez/srms625ex-bkf/petites-annonces/
1 699 ,En stock,Ibanez,BTB1835 Premium,BTB Premium,Basses électriques  cordes,https://fr.audiofanzine.com/basse-electrique-divers/ibanez/btb-1835/,Pas d'occasion disponible,https://fr.audiofanzine.com/basse-electrique-divers/ibanez/btb-1835/petites-annonces/
285 ,En stock,Squier,Affinity Jazz Bass V (2021),Jazz Bass,Basses électriques  cordes,https://fr.audiofanzine.com/basse-electrique-divers/squier/affinity-series-jazz-bass-v-2021/,Pas d'occasion disponible,https://fr.audiofanzine.com/basse-electrique-divers/squier/affinity-series-jazz-bass-v-2021/petites-annonces/
489 ,Stock internet,Cort,Artisan C5 Plus OVMH,Artisan,Basses électriques  cordes,https://fr.audiofanzine.com/basse-electrique-divers/cort/artisan-c5-plus-ovmh/,Pas d'occasion disponible,https://fr.audiofanzine.com/basse-electrique-divers/cort/artisan-c5-plus-ovmh/petites-annonces/
1 290 ,En stock,Cort,Artisan A5 Ultra Ash,Artisan,Basses électriques  cordes,https://fr.audiofanzine.com/basse-electrique-divers/cort/artisan-a5-ultra-ash/,Pas d'occasion disponible,https://fr.audiofanzine.com/basse-electrique-divers/cort/artisan-a5-ultra-ash/petites-annonces/
999 ,Stock internet,Charvel,Pro-Mod San Dimas BassJJV,Pro-Mod,Basses électriques  cordes,https://fr.audiofanzine.com/basse-electrique-divers/charvel/pro-mod-san-dimas-bassjjv/,Pas d'occasion disponible,https://fr.audiofanzine.com/basse-electrique-divers/charvel/pro-mod-san-dimas-bassjjv/petites-annonces/
266.43 ,En stock,Ibanez,TMB35,Talman Bass,Basses électriques  cordes,https://fr.audiofanzine.com/basse-electrique-divers/ibanez/tmb35/,Pas d'occasion disponible,https://fr.audiofanzine.com/basse-electrique-divers/ibanez/tmb35/petites-annonces/
1 656.20 ,En stock,Ibanez,SR5PBLTD Premium,SR Premium,Basses électriques  cordes,https://fr.audiofanzine.com/basse-electrique-divers/ibanez/sr5pbltd-premium/,Pas d'occasion disponible,https://fr.audiofanzine.com/basse-electrique-divers/ibanez/sr5pbltd-premium/petites-annonces/
1 199 ,En stock,Ibanez,SR1105B Premium,SR Premium,Basses électriques  cordes,https://fr.audiofanzine.com/basse-electrique-divers/ibanez/sr1105b-premium/,Pas d'occasion disponible,https://fr.audiofanzine.com/basse-electrique-divers/ibanez/sr1105b-premium/petites-annonces/
148 ,En stock,Harley Benton,MB-5 SBK Deluxe,Deluxe,Basses électriques  cordes,https://fr.audiofanzine.com/basse-electrique-divers/harley-benton/mb-5-sbk-deluxe/,Pas d'occasion disponible,https://fr.audiofanzine.com/basse-electrique-divers/harley-benton/mb-5-sbk-deluxe/petites-annonces/
198 ,En stock,Harley Benton,MM-85A,Deluxe,Basses électriques  cordes,https://fr.audiofanzine.com/basse-electrique-divers/harley-benton/mm-85a-sb/,Pas d'occasion disponible,https://fr.audiofanzine.com/basse-electrique-divers/harley-benton/mm-85a-sb/petites-annonces/
1 395 ,En stock,Ibanez,SR1345B Premium,SR Premium,Basses électriques  cordes,https://fr.audiofanzine.com/basse-electrique-divers/ibanez/sr1345b-premium/,Pas d'occasion disponible,https://fr.audiofanzine.com/basse-electrique-divers/ibanez/sr1345b-premium/petites-annonces/
759 ,En stock,Sterling by Music Man,StringRay Classic Ray25CA,StingRay,Basses électriques  cordes,https://fr.audiofanzine.com/basse-electrique-divers/sterling-by-music-man/ray25ca/,Pas d'occasion disponible,https://fr.audiofanzine.com/basse-electrique-divers/sterling-by-music-man/ray25ca/petites-annonces/
399 ,En stock,Ibanez,SRMD205,SR Mezzo,Basses électriques  cordes,https://fr.audiofanzine.com/basse-electrique-divers/ibanez/srmd205/,Pas d'occasion disponible,https://fr.audiofanzine.com/basse-electrique-divers/ibanez/srmd205/petites-annonces/
683.28 ,En stock,Jackson,X Spectra Bass SBX V,X,Basses électriques  cordes,https://fr.audiofanzine.com/basse-electrique-divers/jackson/sbx-v-spectra-bass/,Pas d'occasion disponible,https://fr.audiofanzine.com/basse-electrique-divers/jackson/sbx-v-spectra-bass/petites-annonces/
1 065 ,En stock,Ibanez,EHB1005,EHB,Basses électriques  cordes,https://fr.audiofanzine.com/basse-electrique-divers/ibanez/ehb1005/,Pas d'occasion disponible,https://fr.audiofanzine.com/basse-electrique-divers/ibanez/ehb1005/petites-annonces/
435 ,En stock,Spector,Legend 5 Standard, ,Basses électriques 5 cordes,https://fr.audiofanzine.com/basse-electrique-divers/spector/legend-5-standard/,Pas d'occasion disponible,https://fr.audiofanzine.com/basse-electrique-divers/spector/legend-5-standard/petites-annonces/
749 ,En stock,Ibanez,SR506E,SR Standard,Basses électriques  cordes,https://fr.audiofanzine.com/basse-electrique-divers/ibanez/sr506e/,Pas d'occasion disponible,https://fr.audiofanzine.com/basse-electrique-divers/ibanez/sr506e/petites-annonces/
2 351 ,En stock,Ibanez,ANB205 Adam Nitti Signature,Signature,Basses électriques  cordes,https://fr.audiofanzine.com/basse-electrique-divers/ibanez/anb205-adam-niti-signature/,Pas d'occasion disponible,https://fr.audiofanzine.com/basse-electrique-divers/ibanez/anb205-adam-niti-signature/petites-annonces/
327.70 ,En stock,Jackson,JS Spectra Bass JS3V (2019),JS,Basses électriques  cordes,https://fr.audiofanzine.com/basse-electrique-divers/jackson/js3v-spectra-bass/,Pas d'occasion disponible,https://fr.audiofanzine.com/basse-electrique-divers/jackson/js3v-spectra-bass/petites-annonces/
699 ,En stock,Jackson,CBXNT V,X,Basses électriques  cordes,https://fr.audiofanzine.com/basse-electrique-divers/jackson/cbxnt-v/,Pas d'occasion disponible,https://fr.audiofanzine.com/basse-electrique-divers/jackson/cbxnt-v/petites-annonces/
 1 121.13 ,1 petite annonce,Lakland,Skyline DJ-5 Darryl Jones,Skyline,Basses électriques  cordes,https://fr.audiofanzine.com/basse-electrique-divers/lakland/dj-5/,Occasion disponible,https://fr.audiofanzine.com/basse-electrique-divers/lakland/dj-5/petites-annonces/
1 120.30 ,En stock,Ibanez,BTB747,BTB Standard,Basses électriques  cordes,https://fr.audiofanzine.com/basse-electrique-divers/ibanez/btb747/,Pas d'occasion disponible,https://fr.audiofanzine.com/basse-electrique-divers/ibanez/btb747/petites-annonces/
349 ,En stock,Ibanez,GSR205SM,GIO Soundgear,Basses électriques  cordes,https://fr.audiofanzine.com/basse-electrique-divers/ibanez/gsr205sm/,Pas d'occasion disponible,https://fr.audiofanzine.com/basse-electrique-divers/ibanez/gsr205sm/petites-annonces/
553.60 ,En stock,Ibanez,SR405EQM,SR Standard,Basses électriques  cordes,https://fr.audiofanzine.com/basse-electrique-divers/ibanez/sr405eqm/,Pas d'occasion disponible,https://fr.audiofanzine.com/basse-electrique-divers/ibanez/sr405eqm/petites-annonces/
1 439 ,En stock,Ibanez,SR2605 Premium,SR Premium,Basses électriques  cordes,https://fr.audiofanzine.com/basse-electrique-divers/ibanez/sr2605/,Pas d'occasion disponible,https://fr.audiofanzine.com/basse-electrique-divers/ibanez/sr2605/petites-annonces/
1 136.50 ,En stock,Ibanez,SRMS806,SR Workshop,Basses électriques  cordes,https://fr.audiofanzine.com/basse-electrique-divers/ibanez/srms806-btt/,Pas d'occasion disponible,https://fr.audiofanzine.com/basse-electrique-divers/ibanez/srms806-btt/petites-annonces/
198 ,En stock,Harley Benton,B-650,Progressive,Basses électriques  cordes,https://fr.audiofanzine.com/basse-electrique-divers/harley-benton/b-650-black-progressive-series/,Pas d'occasion disponible,https://fr.audiofanzine.com/basse-electrique-divers/harley-benton/b-650-black-progressive-series/petites-annonces/
888 ,En stock,Cort,A6 Plus, ,Basses électriques 5 cordes,https://fr.audiofanzine.com/basse-electrique-divers/cort/a6-plus/,Pas d'occasion disponible,https://fr.audiofanzine.com/basse-electrique-divers/cort/a6-plus/petites-annonces/
886.40 ,En stock,LTD,B-208SM,Standard B,Basses électriques  cordes,https://fr.audiofanzine.com/basse-electrique-divers/ltd/b-208sm/,Pas d'occasion disponible,https://fr.audiofanzine.com/basse-electrique-divers/ltd/b-208sm/petites-annonces/
459 ,En stock,Yamaha,BB235,200,Basses électriques  cordes,https://fr.audiofanzine.com/basse-electrique-divers/yamaha/bb235/,Pas d'occasion disponible,https://fr.audiofanzine.com/basse-electrique-divers/yamaha/bb235/petites-annonces/
1 119 ,En stock,Ibanez,BTB846,BTB Standard,Basses électriques  cordes,https://fr.audiofanzine.com/basse-electrique-divers/ibanez/btb846/,Pas d'occasion disponible,https://fr.audiofanzine.com/basse-electrique-divers/ibanez/btb846/petites-annonces/
301.50 ,En stock,Ibanez,TMB105,Talman Bass,Basses électriques  cordes,https://fr.audiofanzine.com/basse-electrique-divers/ibanez/tmb105/,Pas d'occasion disponible,https://fr.audiofanzine.com/basse-electrique-divers/ibanez/tmb105/petites-annonces/
 510.00 ,1 petite annonce,Sire,Marcus Miller M7 5ST (Alder),Marcus Miller M7,Basses électriques  cordes,https://fr.audiofanzine.com/basse-electrique-divers/sire/marcus-miller-m7-alder-5/,Occasion disponible,https://fr.audiofanzine.com/basse-electrique-divers/sire/marcus-miller-m7-alder-5/petites-annonces/
 427.50 ,1 petite annonce,Sire,Marcus Miller V7 5ST (Alder),Marcus Miller V7,Basses électriques  cordes,https://fr.audiofanzine.com/basse-electrique-divers/sire/marcus-miller-v7-alder-5/,Occasion disponible,https://fr.audiofanzine.com/basse-electrique-divers/sire/marcus-miller-v7-alder-5/petites-annonces/
 440.77 ,1 petite annonce,Sire,Marcus Miller V7 5ST (Ash),Marcus Miller V7,Basses électriques  cordes,https://fr.audiofanzine.com/basse-electrique-divers/sire/marcus-miller-v7-ash-5/,Occasion disponible,https://fr.audiofanzine.com/basse-electrique-divers/sire/marcus-miller-v7-ash-5/petites-annonces/
929 ,En stock,Warwick,Corvette Standard 5 Active, ,Basses électriques 5 cordes,https://fr.audiofanzine.com/basse-electrique-divers/warwick/corvette-standard-active-5c-black-satin/,Pas d'occasion disponible,https://fr.audiofanzine.com/basse-electrique-divers/warwick/corvette-standard-active-5c-black-satin/petites-annonces/
 1 300.00 ,1 petite annonce,Sandberg (Bass),California VM 5,California VM,Basses électriques  cordes,https://fr.audiofanzine.com/basse-electrique-divers/sandberg-bass/california-vm-5-tobacco-high-gloss-rosewood/,Occasion disponible,https://fr.audiofanzine.com/basse-electrique-divers/sandberg-bass/california-vm-5-tobacco-high-gloss-rosewood/petites-annonces/
3 890 ,En stock,Ns Design,CR5,Radius,Basses électriques  cordes,https://fr.audiofanzine.com/basse-electrique-divers/ns-design/cr5/,Pas d'occasion disponible,https://fr.audiofanzine.com/basse-electrique-divers/ns-design/cr5/petites-annonces/
 6 253.64 ,1 petite annonce,Fender,Bass VI (Made in Japan),Bass VI,Basses électriques  cordes,https://fr.audiofanzine.com/basse-electrique-divers/fender/bass-vi-mij-2013/,Occasion disponible,https://fr.audiofanzine.com/basse-electrique-divers/fender/bass-vi-mij-2013/petites-annonces/
199 ,En stock,Dean Guitars,Edge 09 5,Edge,Basses électriques  cordes,https://fr.audiofanzine.com/basse-electrique-divers/dean-guitars/edge-09-5-classic-black/,Pas d'occasion disponible,https://fr.audiofanzine.com/basse-electrique-divers/dean-guitars/edge-09-5-classic-black/petites-annonces/
359 ,En stock,Ibanez,GSR206B,GIO Soundgear,Basses électriques  cordes,https://fr.audiofanzine.com/basse-electrique-divers/ibanez/gsr206b/,Pas d'occasion disponible,https://fr.audiofanzine.com/basse-electrique-divers/ibanez/gsr206b/petites-annonces/
 2 100.00 ,1 petite annonce,Warwick,Dolphin Pro I 5,Dolphin Pro I,Basses électriques  cordes,https://fr.audiofanzine.com/basse-electrique-divers/warwick/dolphin-pro-i-5-natural-oil/,Occasion disponible,https://fr.audiofanzine.com/basse-electrique-divers/warwick/dolphin-pro-i-5-natural-oil/petites-annonces/
865 ,En stock,Warwick,Streamer LX 5,Streamer LX,Basses électriques  cordes,https://fr.audiofanzine.com/basse-electrique-divers/warwick/streamer-lx-5-burgundy-red-stain/,Pas d'occasion disponible,https://fr.audiofanzine.com/basse-electrique-divers/warwick/streamer-lx-5-burgundy-red-stain/petites-annonces/
148 ,En stock,Harley Benton,PJ-5,Deluxe,Basses électriques  cordes,https://fr.audiofanzine.com/basse-electrique-divers/harley-benton/pj-5/,Pas d'occasion disponible,https://fr.audiofanzine.com/basse-electrique-divers/harley-benton/pj-5/petites-annonces/
 350.00 ,1 petite annonce,Squier,Vintage Modified Bass VI, ,Basses électriques 5 cordes,https://fr.audiofanzine.com/basse-electrique-divers/squier/vintage-modified-series-bass-vi/,Occasion disponible,https://fr.audiofanzine.com/basse-electrique-divers/squier/vintage-modified-series-bass-vi/petites-annonces/
 368.33 ,1 petite annonce,G&L,Tribute L-2500,Tribute L,Basses électriques  cordes,https://fr.audiofanzine.com/basse-electrique-divers/g-l/tribute-l-2500/,Occasion disponible,https://fr.audiofanzine.com/basse-electrique-divers/g-l/tribute-l-2500/petites-annonces/
 315.00 ,1 petite annonce,Cort,GB75,GB,Basses électriques  cordes,https://fr.audiofanzine.com/basse-electrique-divers/cort/gb75/,Occasion disponible,https://fr.audiofanzine.com/basse-electrique-divers/cort/gb75/petites-annonces/
899 ,En stock,Ibanez,SR805,SR Standard,Basses électriques  cordes,https://fr.audiofanzine.com/basse-electrique-divers/ibanez/sr805/,Pas d'occasion disponible,https://fr.audiofanzine.com/basse-electrique-divers/ibanez/sr805/petites-annonces/
321.70 ,En stock,Epiphone,Toby Deluxe-V,Toby,Basses électriques  cordes,https://fr.audiofanzine.com/basse-electrique-divers/epiphone/toby-deluxe-v-ebony/,Pas d'occasion disponible,https://fr.audiofanzine.com/basse-electrique-divers/epiphone/toby-deluxe-v-ebony/petites-annonces/
402.40 ,En stock,Ibanez,GSR206,GIO Soundgear,Basses électriques  cordes,https://fr.audiofanzine.com/basse-electrique-divers/ibanez/gsr206/,Pas d'occasion disponible,https://fr.audiofanzine.com/basse-electrique-divers/ibanez/gsr206/petites-annonces/
1 649 ,En stock,LTD,B-1005,Deluxe B,Basses électriques  cordes,https://fr.audiofanzine.com/basse-electrique-divers/ltd/b-1005-natural-satin/,Pas d'occasion disponible,https://fr.audiofanzine.com/basse-electrique-divers/ltd/b-1005-natural-satin/petites-annonces/
666 ,En stock,LTD,B-205SM,Standard B,Basses électriques  cordes,https://fr.audiofanzine.com/basse-electrique-divers/ltd/b-205sm-natural-satin/,Pas d'occasion disponible,https://fr.audiofanzine.com/basse-electrique-divers/ltd/b-205sm-natural-satin/petites-annonces/
669 ,En stock,LTD,B-206SM,Standard B,Basses électriques  cordes,https://fr.audiofanzine.com/basse-electrique-divers/ltd/b-206sm-natural-satin/,Pas d'occasion disponible,https://fr.audiofanzine.com/basse-electrique-divers/ltd/b-206sm-natural-satin/petites-annonces/
1 199 ,En stock,Yamaha,TRB1005J, ,Basses électriques 5 cordes,https://fr.audiofanzine.com/basse-electrique-divers/yamaha/trb1005j/,Pas d'occasion disponible,https://fr.audiofanzine.com/basse-electrique-divers/yamaha/trb1005j/petites-annonces/
 2 750.00 ,1 petite annonce,Burns Guitars,Split Sound 6 string Bass, ,Basses électriques 5 cordes,https://fr.audiofanzine.com/basse-electrique-divers/burns-guitars/split-sound-6-strings-bass/,Occasion disponible,https://fr.audiofanzine.com/basse-electrique-divers/burns-guitars/split-sound-6-strings-bass/petites-annonces/
569 ,En stock,Cort,Action V-DLX,Action,Basses électriques  cordes,https://fr.audiofanzine.com/basse-electrique-divers/cort/action-v-dlx/,Pas d'occasion disponible,https://fr.audiofanzine.com/basse-electrique-divers/cort/action-v-dlx/petites-annonces/
 416.67 ,2 petites annonces,Ibanez,ATK305 [1995-1999],ATK,Basses électriques  cordes,https://fr.audiofanzine.com/basse-electrique-divers/ibanez/atk305/,Occasion disponible,https://fr.audiofanzine.com/basse-electrique-divers/ibanez/atk305/petites-annonces/
4 705 ,En stock,Ibanez,GVB1006,Gerald Veasley,Basses électriques  cordes,https://fr.audiofanzine.com/basse-electrique-divers/ibanez/gvb1006/,Pas d'occasion disponible,https://fr.audiofanzine.com/basse-electrique-divers/ibanez/gvb1006/petites-annonces/
 1 760.00 ,1 petite annonce,Fender,Marcus Miller Jazz Bass V,Marcus Miller,Basses électriques  cordes,https://fr.audiofanzine.com/basse-electrique-divers/fender/artist-series-marcus-miller-jazz-bass-v-3-color-sunburst/,Occasion disponible,https://fr.audiofanzine.com/basse-electrique-divers/fender/artist-series-marcus-miller-jazz-bass-v-3-color-sunburst/petites-annonces/
 366.67 ,1 petite annonce,Epiphone,Thunderbird Pro-V,Thunderbird,Basses électriques  cordes,https://fr.audiofanzine.com/basse-electrique-divers/epiphone/thunderbird-pro-v/,Occasion disponible,https://fr.audiofanzine.com/basse-electrique-divers/epiphone/thunderbird-pro-v/petites-annonces/
 1 300.00 ,1 petite annonce,Moscato,Funk 5, ,Basses électriques 5 cordes,https://fr.audiofanzine.com/basse-electrique-divers/moscato/funk-5-cordes-frettee/,Occasion disponible,https://fr.audiofanzine.com/basse-electrique-divers/moscato/funk-5-cordes-frettee/petites-annonces/
 383.33 ,2 petites annonces,Cort,Arona 5,Arona,Basses électriques  cordes,https://fr.audiofanzine.com/basse-electrique-divers/cort/arona-5/,Occasion disponible,https://fr.audiofanzine.com/basse-electrique-divers/cort/arona-5/petites-annonces/
 466.67 ,2 petites annonces,Cort,A5,Artisan,Basses électriques  cordes,https://fr.audiofanzine.com/basse-electrique-divers/cort/a5/,Occasion disponible,https://fr.audiofanzine.com/basse-electrique-divers/cort/a5/petites-annonces/
3 699 ,En stock,Music Man,Bongo 6,Bongo,Basses électriques  cordes,https://fr.audiofanzine.com/basse-electrique-divers/music-man/bongo-6/,Pas d'occasion disponible,https://fr.audiofanzine.com/basse-electrique-divers/music-man/bongo-6/petites-annonces/
 1 000.00 ,1 petite annonce,Schecter,Hellraiser-5,Hellraiser,Basses électriques  cordes,https://fr.audiofanzine.com/basse-electrique-divers/schecter/hellraiser-5/,Occasion disponible,https://fr.audiofanzine.com/basse-electrique-divers/schecter/hellraiser-5/petites-annonces/
362 ,En stock,Stagg,BC300/5,BC300,Basses électriques  cordes,https://fr.audiofanzine.com/basse-electrique-divers/stagg/heavy-series-bc300-5-trans-violet/,Pas d'occasion disponible,https://fr.audiofanzine.com/basse-electrique-divers/stagg/heavy-series-bc300-5-trans-violet/petites-annonces/
 1 000.00 ,1 petite annonce,Tobias,Growler 5, ,Basses électriques 5 cordes,https://fr.audiofanzine.com/basse-electrique-divers/tobias/Growler-5-cordes/,Occasion disponible,https://fr.audiofanzine.com/basse-electrique-divers/tobias/Growler-5-cordes/petites-annonces/
130.10 ,En stock,Jack & Danny,JB/5,JB Series,Basses électriques  cordes,https://fr.audiofanzine.com/basse-electrique-divers/jack-danny/YC-JB-5-Black/,Pas d'occasion disponible,https://fr.audiofanzine.com/basse-electrique-divers/jack-danny/YC-JB-5-Black/petites-annonces/
749 ,En stock,LTD,F-5E,Standard F,Basses électriques  cordes,https://fr.audiofanzine.com/basse-electrique-divers/ltd/f-5e-natural-satin/,Pas d'occasion disponible,https://fr.audiofanzine.com/basse-electrique-divers/ltd/f-5e-natural-satin/petites-annonces/
 400.00 ,1 petite annonce,Rockbass,Corvette Basic 5, ,Basses électriques 5 cordes,https://fr.audiofanzine.com/basse-electrique-divers/rockbass/Corvette-Basic-Noire-5-cordes/,Occasion disponible,https://fr.audiofanzine.com/basse-electrique-divers/rockbass/Corvette-Basic-Noire-5-cordes/petites-annonces/
979 ,En stock,Warwick,Corvette Standard 6, ,Basses électriques 5 cordes,https://fr.audiofanzine.com/basse-electrique-divers/warwick/Corvette-Standard-6c/,Pas d'occasion disponible,https://fr.audiofanzine.com/basse-electrique-divers/warwick/Corvette-Standard-6c/petites-annonces/
 200.00 ,1 petite annonce,LTD,B-55,Standard B,Basses électriques  cordes,https://fr.audiofanzine.com/basse-electrique-divers/ltd/b-55-black/,Occasion disponible,https://fr.audiofanzine.com/basse-electrique-divers/ltd/b-55-black/petites-annonces/
 410.00 ,1 petite annonce,Cort,RB5,RB,Basses électriques  cordes,https://fr.audiofanzine.com/basse-electrique-divers/cort/rb5/,Occasion disponible,https://fr.audiofanzine.com/basse-electrique-divers/cort/rb5/petites-annonces/
 490.00 ,1 petite annonce,Ibanez,BTB556MP,BTB,Basses électriques  cordes,https://fr.audiofanzine.com/basse-electrique-divers/ibanez/btb556mp/,Occasion disponible,https://fr.audiofanzine.com/basse-electrique-divers/ibanez/btb556mp/petites-annonces/
 1 400.00 ,1 petite annonce,Noguera,YC 5 21 Frets, ,Basses électriques 5 cordes,https://fr.audiofanzine.com/basse-electrique-divers/noguera/YC-5-cordes-21-cases/,Occasion disponible,https://fr.audiofanzine.com/basse-electrique-divers/noguera/YC-5-cordes-21-cases/petites-annonces/
1 999 ,En stock,Spector,NS 2000/5, ,Basses électriques 5 cordes,https://fr.audiofanzine.com/basse-electrique-divers/spector/NS-2000-5/,Pas d'occasion disponible,https://fr.audiofanzine.com/basse-electrique-divers/spector/NS-2000-5/petites-annonces/
2 399 ,En stock,Warwick,Pro Corvette Bubinga 6, ,Basses électriques 5 cordes,https://fr.audiofanzine.com/basse-electrique-divers/warwick/pro-corvette-bubinga-6/,Pas d'occasion disponible,https://fr.audiofanzine.com/basse-electrique-divers/warwick/pro-corvette-bubinga-6/petites-annonces/
 396.67 ,1 petite annonce,Yamaha,BBG5A, ,Basses électriques 5 cordes,https://fr.audiofanzine.com/basse-electrique-divers/yamaha/BBG5A/,Occasion disponible,https://fr.audiofanzine.com/basse-electrique-divers/yamaha/BBG5A/petites-annonces/
 2 700.00 ,1 petite annonce,Tobias,Signature 6, ,Basses électriques 5 cordes,https://fr.audiofanzine.com/basse-electrique-divers/tobias/Signature-6/,Occasion disponible,https://fr.audiofanzine.com/basse-electrique-divers/tobias/Signature-6/petites-annonces/
